{"user_id": 777, "timestamp": "2026-06-29 17:12:32", "n_points": 240, "overall": 59, "axes": {"RD": 55, "SR": 64, "AD": 28, "FL": 68, "RC": 56, "EN": 61, "BL": 100}, "metrics": {"mean_rr": 860.4210501582381, "mean_hr": 69.89536313770019, "min_hr": 62.51358638576519, "max_hr": 79.92576051805014, "sdnn": 21.123613481055795, "rmssd": 35.55882469064685, "nn50": 36, "pnn50": 15.062761506276152, "sd1": 25.19640986309928, "sd2": 52.783653617562514, "sd1_sd2_ratio": 0.4773525160963047, "stress_index": 16.2, "vlf_power": 157.01874822089584, "lf_power": 110.11651377756314, "hf_power": 180.36284508581744, "lf_hf_ratio": 0.6105277044458309, "lf_nu": 37.90855026960921, "hf_nu": 62.09144973039081, "total_power": 447.4981070842764, "sns_percent": 24.607146272648954, "pns_percent": 40.30471687600906, "pns_index": -0.42, "sns_index": 0.48, "respiratory_rate": 18.75, "dfa_alpha1": 0.8330729694115135, "dfa_alpha2": 0.9859765004235512, "sampen": 1.9803963251264827, "apen": 5.4638400411622, "biological_age": null, "hrv": 21.123613481055795}}