{"user_id": 322848528, "timestamp": "2026-06-29 21:20:40", "n_points": 405, "real_age": 40, "overall": 64, "axes": {"RD": 64, "SR": 56, "AD": 63, "FL": 75, "RC": 66, "EN": 74, "BL": 60}, "metrics": {"mean_rr": 891.2820987654321, "mean_hr": 67.192469597366, "min_hr": 33.42618384401114, "max_hr": 99.17355371900828, "sdnn": 56.94561224600934, "rmssd": 47.800673568103164, "nn50": 92, "pnn50": 22.772277227722775, "sd1": 33.8406525254269, "sd2": 87.82976757273862, "sd1_sd2_ratio": 0.3852982133580262, "stress_index": 10.9, "vlf_power": 421.7697053845753, "lf_power": 1262.1870310719726, "hf_power": 380.53917320422084, "lf_hf_ratio": 3.3168386330481803, "lf_nu": 76.83489967995662, "hf_nu": 23.165100320043376, "total_power": 2064.4959096607686, "sns_percent": 61.13778308620487, "pns_percent": 18.432546725982608, "pns_index": 0.06, "sns_index": 0.24, "respiratory_rate": 9.375, "dfa_alpha1": 1.2140845977242476, "dfa_alpha2": 0.7662988036719127, "sampen": 1.384634609701526, "apen": 6.216354772706399, "biological_age": 32, "hrv": 56.94561224600934}}