{
  "summary": {
    "F0_mean_semitones": 31.875425338745117,
    "F0_stddev_norm": 0.35269883275032043,
    "F0_p20": 22.80560874938965,
    "F0_p80": 46.90214538574219,
    "pitch_range": 24.09653663635254,
    "loudness_mean": 0.33284303545951843,
    "loudness_stddev_norm": 0.949618399143219,
    "loudness_p20": 0.043908245861530304,
    "loudness_p80": 0.57570481300354,
    "loudness_iqr": 0.5317965745925903,
    "HNR_mean": 2.781224489212036,
    "spectral_flux": 0.12155391275882721,
    "alpha_ratio": -9.346485137939453,
    "hammarberg": 19.257333755493164,
    "spectral_slope_0_500": 0.07549569010734558,
    "spectral_slope_500_1500": -0.012195444665849209,
    "F1_mean": 889.95556640625,
    "F1_bw": 1101.892578125,
    "F2_mean": 1944.0748291015625,
    "F3_mean": 2895.230712890625,
    "jitter": 0.0568501241505146,
    "shimmer": 1.6985329389572144,
    "mfcc1": 28.650569915771484,
    "mfcc2": -9.824923515319824,
    "mfcc3": 5.904842853546143,
    "mfcc4": -2.423321485519409,
    "CPP": 5.1187225751104135,
    "HNR_parselmouth": -135.70455738756567,
    "voiced_fraction": 0.4315739192739432,
    "duration_sec": 251.25,
    "anxiety": {
      "F0_component": -0.6249149322509766,
      "intensity_hub_shift": 1.1477753734579212,
      "hammarberg_component": 1.9257333755493165,
      "hnr_inverted": -0.27812244892120364,
      "score": 2.1704713678350576
    }
  },
  "windows": [
    {
      "win_start_sec": 0.0,
      "win_end_sec": 60.0,
      "F0_iqr": 22.170412063598633,
      "F0_mean": 32.15589904785156,
      "loudness_iqr": 0.5462594032287598,
      "loudness_mean": 0.3734397292137146,
      "F1_iqr": 484.67474365234375,
      "F1_mean": 801.4531860351562,
      "hub_intensity_over_formant": 2.1216000579817713
    },
    {
      "win_start_sec": 60.0,
      "win_end_sec": 120.0,
      "F0_iqr": 24.909955978393555,
      "F0_mean": 30.806537628173828,
      "loudness_iqr": 0.50462406873703,
      "loudness_mean": 0.31732314825057983,
      "F1_iqr": 492.65234375,
      "F1_mean": 815.8325805664062,
      "hub_intensity_over_formant": 1.9666824633236069
    },
    {
      "win_start_sec": 120.0,
      "win_end_sec": 180.0,
      "F0_iqr": 24.107648849487305,
      "F0_mean": 32.06376266479492,
      "loudness_iqr": 0.5497287511825562,
      "loudness_mean": 0.3248007297515869,
      "F1_iqr": 509.76153564453125,
      "F1_mean": 794.1163330078125,
      "hub_intensity_over_formant": 2.251070943648226
    },
    {
      "win_start_sec": 180.0,
      "win_end_sec": 240.0,
      "F0_iqr": 24.24638557434082,
      "F0_mean": 32.226863861083984,
      "loudness_iqr": 0.4999624788761139,
      "loudness_mean": 0.32906660437583923,
      "F1_iqr": 469.37432861328125,
      "F1_mean": 775.5338134765625,
      "hub_intensity_over_formant": 2.0194018819128092
    },
    {
      "win_start_sec": 240.0,
      "win_end_sec": 300.0,
      "F0_iqr": 24.731740951538086,
      "F0_mean": 33.7198600769043,
      "loudness_iqr": 0.4573940336704254,
      "loudness_mean": 0.26201140880584717,
      "F1_iqr": 457.1055908203125,
      "F1_mean": 760.0409545898438,
      "hub_intensity_over_formant": 2.3801215204231925
    }
  ]
}