{
  "summary": {
    "F0_mean_semitones": 30.75659942626953,
    "F0_stddev_norm": 0.38124823570251465,
    "F0_p20": 22.168304443359375,
    "F0_p80": 43.213897705078125,
    "pitch_range": 21.04559326171875,
    "loudness_mean": 0.2851870357990265,
    "loudness_stddev_norm": 0.9982705116271973,
    "loudness_p20": 0.03934565931558609,
    "loudness_p80": 0.4904933571815491,
    "loudness_iqr": 0.4511477053165436,
    "HNR_mean": 3.1444642543792725,
    "spectral_flux": 0.10604201257228851,
    "alpha_ratio": -12.605587005615234,
    "hammarberg": 22.225656509399414,
    "spectral_slope_0_500": 0.05388495326042175,
    "spectral_slope_500_1500": -0.02157740853726864,
    "F1_mean": 843.9769897460938,
    "F1_bw": 1172.129150390625,
    "F2_mean": 1908.3221435546875,
    "F3_mean": 2884.357177734375,
    "jitter": 0.05056982487440109,
    "shimmer": 1.6450775861740112,
    "mfcc1": 28.769298553466797,
    "mfcc2": -5.128556728363037,
    "mfcc3": 6.845870018005371,
    "mfcc4": -6.599164962768555,
    "CPP": 4.713669557698163,
    "HNR_parselmouth": -151.88919944572905,
    "voiced_fraction": 0.3676995279394006,
    "duration_sec": 728.75,
    "anxiety": {
      "F0_component": -0.8486801147460937,
      "intensity_hub_shift": 1.1508734222528192,
      "hammarberg_component": 2.2225656509399414,
      "hnr_inverted": -0.3144464254379272,
      "score": 2.2103125330087394
    }
  },
  "windows": [
    {
      "win_start_sec": 0.0,
      "win_end_sec": 60.0,
      "F0_iqr": 29.372535705566406,
      "F0_mean": 29.294260025024414,
      "loudness_iqr": 0.5427333116531372,
      "loudness_mean": 0.31341487169265747,
      "F1_iqr": 439.219970703125,
      "F1_mean": 801.1820068359375,
      "hub_intensity_over_formant": 1.727054990520341
    },
    {
      "win_start_sec": 60.0,
      "win_end_sec": 120.0,
      "F0_iqr": 25.120901107788086,
      "F0_mean": 31.76380157470703,
      "loudness_iqr": 0.4715433716773987,
      "loudness_mean": 0.289754182100296,
      "F1_iqr": 443.89434814453125,
      "F1_mean": 798.9036865234375,
      "hub_intensity_over_formant": 2.0577241648848688
    },
    {
      "win_start_sec": 120.0,
      "win_end_sec": 180.0,
      "F0_iqr": 24.149354934692383,
      "F0_mean": 29.98208999633789,
      "loudness_iqr": 0.4735318422317505,
      "loudness_mean": 0.3041999638080597,
      "F1_iqr": 445.11181640625,
      "F1_mean": 799.1494750976562,
      "hub_intensity_over_formant": 1.9326109972874714
    },
    {
      "win_start_sec": 180.0,
      "win_end_sec": 240.0,
      "F0_iqr": 25.7572021484375,
      "F0_mean": 29.427093505859375,
      "loudness_iqr": 0.4770110249519348,
      "loudness_mean": 0.30530980229377747,
      "F1_iqr": 455.3917236328125,
      "F1_mean": 789.2266845703125,
      "hub_intensity_over_formant": 1.7849844938460098
    },
    {
      "win_start_sec": 240.0,
      "win_end_sec": 300.0,
      "F0_iqr": 22.766536712646484,
      "F0_mean": 28.324493408203125,
      "loudness_iqr": 0.4138266146183014,
      "loudness_mean": 0.2616179883480072,
      "F1_iqr": 402.73590087890625,
      "F1_mean": 758.179931640625,
      "hub_intensity_over_formant": 1.967948877881653
    },
    {
      "win_start_sec": 300.0,
      "win_end_sec": 360.0,
      "F0_iqr": 21.260000228881836,
      "F0_mean": 32.26796340942383,
      "loudness_iqr": 0.48204487562179565,
      "loudness_mean": 0.2918207347393036,
      "F1_iqr": 374.2117919921875,
      "F1_mean": 766.6478881835938,
      "hub_intensity_over_formant": 2.5071336210677893
    },
    {
      "win_start_sec": 360.0,
      "win_end_sec": 420.0,
      "F0_iqr": 18.665977478027344,
      "F0_mean": 31.522483825683594,
      "loudness_iqr": 0.45285531878471375,
      "loudness_mean": 0.31162044405937195,
      "F1_iqr": 421.21478271484375,
      "F1_mean": 756.6614990234375,
      "hub_intensity_over_formant": 2.4541500387962407
    },
    {
      "win_start_sec": 420.0,
      "win_end_sec": 480.0,
      "F0_iqr": 23.50811004638672,
      "F0_mean": 32.3739128112793,
      "loudness_iqr": 0.4345411956310272,
      "loudness_mean": 0.27950039505958557,
      "F1_iqr": 400.43353271484375,
      "F1_mean": 755.3300170898438,
      "hub_intensity_over_formant": 2.1410354990362332
    },
    {
      "win_start_sec": 480.0,
      "win_end_sec": 540.0,
      "F0_iqr": 17.733619689941406,
      "F0_mean": 32.43379592895508,
      "loudness_iqr": 0.45174962282180786,
      "loudness_mean": 0.27636605501174927,
      "F1_iqr": 401.2484130859375,
      "F1_mean": 739.2181396484375,
      "hub_intensity_over_formant": 2.9895865872640566
    },
    {
      "win_start_sec": 540.0,
      "win_end_sec": 600.0,
      "F0_iqr": 23.698406219482422,
      "F0_mean": 27.35016632080078,
      "loudness_iqr": 0.4467603862285614,
      "loudness_mean": 0.28426921367645264,
      "F1_iqr": 439.1719665527344,
      "F1_mean": 743.8593139648438,
      "hub_intensity_over_formant": 1.8137759899688384
    },
    {
      "win_start_sec": 600.0,
      "win_end_sec": 660.0,
      "F0_iqr": 24.00408172607422,
      "F0_mean": 32.550655364990234,
      "loudness_iqr": 0.44169530272483826,
      "loudness_mean": 0.28907954692840576,
      "F1_iqr": 401.3692626953125,
      "F1_mean": 808.8074951171875,
      "hub_intensity_over_formant": 2.0719438302039515
    },
    {
      "win_start_sec": 660.0,
      "win_end_sec": 720.0,
      "F0_iqr": 16.639402389526367,
      "F0_mean": 31.647855758666992,
      "loudness_iqr": 0.34704309701919556,
      "loudness_mean": 0.22633413970470428,
      "F1_iqr": 414.46136474609375,
      "F1_mean": 757.0066528320312,
      "hub_intensity_over_formant": 2.9163334456523544
    },
    {
      "win_start_sec": 720.0,
      "win_end_sec": 780.0,
      "F0_iqr": 27.692068099975586,
      "F0_mean": 38.039146423339844,
      "loudness_iqr": 0.2419893741607666,
      "loudness_mean": 0.2081347107887268,
      "F1_iqr": 503.22344970703125,
      "F1_mean": 736.1904907226562,
      "hub_intensity_over_formant": 1.5970719528768396
    }
  ]
}