{
  "summary": {
    "F0_mean_semitones": 30.996532440185547,
    "F0_stddev_norm": 0.34587961435317993,
    "F0_p20": 22.721153259277344,
    "F0_p80": 40.47381591796875,
    "pitch_range": 17.752662658691406,
    "loudness_mean": 0.2560042440891266,
    "loudness_stddev_norm": 1.0080077648162842,
    "loudness_p20": 0.035409484058618546,
    "loudness_p80": 0.43880850076675415,
    "loudness_iqr": 0.4033990204334259,
    "HNR_mean": 3.1180975437164307,
    "spectral_flux": 0.09122317284345627,
    "alpha_ratio": -11.303988456726074,
    "hammarberg": 21.683170318603516,
    "spectral_slope_0_500": 0.06474114209413528,
    "spectral_slope_500_1500": -0.019184980541467667,
    "F1_mean": 861.1260375976562,
    "F1_bw": 1170.116455078125,
    "F2_mean": 1898.6162109375,
    "F3_mean": 2877.791015625,
    "jitter": 0.05088864266872406,
    "shimmer": 1.6980748176574707,
    "mfcc1": 27.888521194458008,
    "mfcc2": -4.980749130249023,
    "mfcc3": 5.338359355926514,
    "mfcc4": -2.747234582901001,
    "CPP": 4.549413245303176,
    "HNR_parselmouth": -160.64727549844307,
    "voiced_fraction": 0.32756793168692483,
    "duration_sec": 1009.5,
    "anxiety": {
      "F0_component": -0.8006935119628906,
      "intensity_hub_shift": 1.7847549127720317,
      "hammarberg_component": 2.1683170318603517,
      "hnr_inverted": -0.31180975437164304,
      "score": 2.8405686782978496
    }
  },
  "windows": [
    {
      "win_start_sec": 0.0,
      "win_end_sec": 60.0,
      "F0_iqr": 15.587821960449219,
      "F0_mean": 28.648597717285156,
      "loudness_iqr": 0.4372357726097107,
      "loudness_mean": 0.28537285327911377,
      "F1_iqr": 414.73968505859375,
      "F1_mean": 794.4241943359375,
      "hub_intensity_over_formant": 2.8159092644272334
    },
    {
      "win_start_sec": 60.0,
      "win_end_sec": 120.0,
      "F0_iqr": 16.05228042602539,
      "F0_mean": 30.37224006652832,
      "loudness_iqr": 0.4350455105304718,
      "loudness_mean": 0.2690074145793915,
      "F1_iqr": 422.8209228515625,
      "F1_mean": 790.083740234375,
      "hub_intensity_over_formant": 3.059906138239694
    },
    {
      "win_start_sec": 120.0,
      "win_end_sec": 180.0,
      "F0_iqr": 20.746196746826172,
      "F0_mean": 31.04732322692871,
      "loudness_iqr": 0.46317058801651,
      "loudness_mean": 0.2922042906284332,
      "F1_iqr": 455.08453369140625,
      "F1_mean": 777.0957641601562,
      "hub_intensity_over_formant": 2.3721269805774257
    },
    {
      "win_start_sec": 180.0,
      "win_end_sec": 240.0,
      "F0_iqr": 21.413009643554688,
      "F0_mean": 31.64297866821289,
      "loudness_iqr": 0.46688833832740784,
      "loudness_mean": 0.29147079586982727,
      "F1_iqr": 422.89447021484375,
      "F1_mean": 785.5127563476562,
      "hub_intensity_over_formant": 2.3670940158038367
    },
    {
      "win_start_sec": 240.0,
      "win_end_sec": 300.0,
      "F0_iqr": 17.02984046936035,
      "F0_mean": 28.74541473388672,
      "loudness_iqr": 0.34108322858810425,
      "loudness_mean": 0.21478043496608734,
      "F1_iqr": 423.909423828125,
      "F1_mean": 742.2404174804688,
      "hub_intensity_over_formant": 2.6805314495905908
    },
    {
      "win_start_sec": 300.0,
      "win_end_sec": 360.0,
      "F0_iqr": 17.722734451293945,
      "F0_mean": 32.20777893066406,
      "loudness_iqr": 0.3113591969013214,
      "loudness_mean": 0.21895107626914978,
      "F1_iqr": 406.99169921875,
      "F1_mean": 763.9573364257812,
      "hub_intensity_over_formant": 2.584293892005844
    },
    {
      "win_start_sec": 360.0,
      "win_end_sec": 420.0,
      "F0_iqr": 24.293066024780273,
      "F0_mean": 34.40034866333008,
      "loudness_iqr": 0.409911185503006,
      "loudness_mean": 0.2613888680934906,
      "F1_iqr": 460.37994384765625,
      "F1_mean": 795.51611328125,
      "hub_intensity_over_formant": 2.2206541780730156
    },
    {
      "win_start_sec": 420.0,
      "win_end_sec": 480.0,
      "F0_iqr": 20.200769424438477,
      "F0_mean": 33.907188415527344,
      "loudness_iqr": 0.43267837166786194,
      "loudness_mean": 0.26290345191955566,
      "F1_iqr": 441.3839111328125,
      "F1_mean": 790.3380126953125,
      "hub_intensity_over_formant": 2.7624243792886474
    },
    {
      "win_start_sec": 480.0,
      "win_end_sec": 540.0,
      "F0_iqr": 16.759662628173828,
      "F0_mean": 33.16765594482422,
      "loudness_iqr": 0.4358883798122406,
      "loudness_mean": 0.2761880159378052,
      "F1_iqr": 444.40576171875,
      "F1_mean": 780.8483276367188,
      "hub_intensity_over_formant": 3.1233276804536096
    },
    {
      "win_start_sec": 540.0,
      "win_end_sec": 600.0,
      "F0_iqr": 15.023534774780273,
      "F0_mean": 30.400028228759766,
      "loudness_iqr": 0.34143170714378357,
      "loudness_mean": 0.21170446276664734,
      "F1_iqr": 388.70184326171875,
      "F1_mean": 813.3843383789062,
      "hub_intensity_over_formant": 3.2634185721978164
    },
    {
      "win_start_sec": 600.0,
      "win_end_sec": 660.0,
      "F0_iqr": 22.905471801757812,
      "F0_mean": 31.98017120361328,
      "loudness_iqr": 0.40374165773391724,
      "loudness_mean": 0.2529711425304413,
      "F1_iqr": 397.0662841796875,
      "F1_mean": 824.156494140625,
      "hub_intensity_over_formant": 2.228290520782249
    },
    {
      "win_start_sec": 660.0,
      "win_end_sec": 720.0,
      "F0_iqr": 14.67525863647461,
      "F0_mean": 30.328922271728516,
      "loudness_iqr": 0.2783043682575226,
      "loudness_mean": 0.18253064155578613,
      "F1_iqr": 406.427490234375,
      "F1_mean": 757.8330078125,
      "hub_intensity_over_formant": 3.15102750703897
    },
    {
      "win_start_sec": 720.0,
      "win_end_sec": 780.0,
      "F0_iqr": 14.712261199951172,
      "F0_mean": 31.219802856445312,
      "loudness_iqr": 0.3993561565876007,
      "loudness_mean": 0.2645321786403656,
      "F1_iqr": 432.48883056640625,
      "F1_mean": 783.4921875,
      "hub_intensity_over_formant": 3.2035392950322867
    },
    {
      "win_start_sec": 780.0,
      "win_end_sec": 840.0,
      "F0_iqr": 18.5789737701416,
      "F0_mean": 30.645448684692383,
      "loudness_iqr": 0.38779017329216003,
      "loudness_mean": 0.26535627245903015,
      "F1_iqr": 441.35723876953125,
      "F1_mean": 788.149169921875,
      "hub_intensity_over_formant": 2.4105123769677292
    },
    {
      "win_start_sec": 840.0,
      "win_end_sec": 900.0,
      "F0_iqr": 16.83672332763672,
      "F0_mean": 29.205520629882812,
      "loudness_iqr": 0.46743878722190857,
      "loudness_mean": 0.28503409028053284,
      "F1_iqr": 434.1925048828125,
      "F1_mean": 756.0381469726562,
      "hub_intensity_over_formant": 2.844677623479905
    },
    {
      "win_start_sec": 900.0,
      "win_end_sec": 960.0,
      "F0_iqr": 16.678783416748047,
      "F0_mean": 29.168846130371094,
      "loudness_iqr": 0.44295424222946167,
      "loudness_mean": 0.26699888706207275,
      "F1_iqr": 421.27178955078125,
      "F1_mean": 751.8341674804688,
      "hub_intensity_over_formant": 2.901362031575264
    },
    {
      "win_start_sec": 960.0,
      "win_end_sec": 1020.0,
      "F0_iqr": 14.849115371704102,
      "F0_mean": 31.282169342041016,
      "loudness_iqr": 0.39672309160232544,
      "loudness_mean": 0.24935099482536316,
      "F1_iqr": 437.98193359375,
      "F1_mean": 756.697509765625,
      "hub_intensity_over_formant": 3.351737611590421
    }
  ]
}