{
  "summary": {
    "F0_mean_semitones": 32.85261917114258,
    "F0_stddev_norm": 0.33424651622772217,
    "F0_p20": 23.312911987304688,
    "F0_p80": 45.71284103393555,
    "pitch_range": 22.39992904663086,
    "loudness_mean": 0.3095264136791229,
    "loudness_stddev_norm": 0.9519930481910706,
    "loudness_p20": 0.03424523398280144,
    "loudness_p80": 0.540709376335144,
    "loudness_iqr": 0.5064641237258911,
    "HNR_mean": 3.0877134799957275,
    "spectral_flux": 0.10736878216266632,
    "alpha_ratio": -8.728414535522461,
    "hammarberg": 19.13431739807129,
    "spectral_slope_0_500": 0.0641426146030426,
    "spectral_slope_500_1500": -0.008432709611952305,
    "F1_mean": 879.6490478515625,
    "F1_bw": 1130.44921875,
    "F2_mean": 1917.06591796875,
    "F3_mean": 2889.996337890625,
    "jitter": 0.05287598446011543,
    "shimmer": 1.6648348569869995,
    "mfcc1": 25.064441680908203,
    "mfcc2": -6.545522689819336,
    "mfcc3": 4.858903408050537,
    "mfcc4": -0.7742231488227844,
    "CPP": 5.003852885207809,
    "HNR_parselmouth": -138.0228282576227,
    "voiced_fraction": 0.41287213776101006,
    "duration_sec": 267.75,
    "anxiety": {
      "F0_component": -0.4294761657714844,
      "intensity_hub_shift": 1.6822752473766394,
      "hammarberg_component": 1.913431739807129,
      "hnr_inverted": -0.30877134799957273,
      "score": 2.8574594734127112
    }
  },
  "windows": [
    {
      "win_start_sec": 0.0,
      "win_end_sec": 60.0,
      "F0_iqr": 21.427072525024414,
      "F0_mean": 36.47011184692383,
      "loudness_iqr": 0.5003114938735962,
      "loudness_mean": 0.321018785238266,
      "F1_iqr": 457.41998291015625,
      "F1_mean": 800.8737182617188,
      "hub_intensity_over_formant": 2.6526637874816608
    },
    {
      "win_start_sec": 60.0,
      "win_end_sec": 120.0,
      "F0_iqr": 21.090425491333008,
      "F0_mean": 33.92911148071289,
      "loudness_iqr": 0.4834941029548645,
      "loudness_mean": 0.28064319491386414,
      "F1_iqr": 427.49456787109375,
      "F1_mean": 829.5743408203125,
      "hub_intensity_over_formant": 2.771542722049928
    },
    {
      "win_start_sec": 120.0,
      "win_end_sec": 180.0,
      "F0_iqr": 19.824188232421875,
      "F0_mean": 31.051803588867188,
      "loudness_iqr": 0.5016376972198486,
      "loudness_mean": 0.30305221676826477,
      "F1_iqr": 421.74859619140625,
      "F1_mean": 860.4671630859375,
      "hub_intensity_over_formant": 2.592758214062875
    },
    {
      "win_start_sec": 180.0,
      "win_end_sec": 240.0,
      "F0_iqr": 14.53596305847168,
      "F0_mean": 29.896482467651367,
      "loudness_iqr": 0.5141417980194092,
      "loudness_mean": 0.3159772455692291,
      "F1_iqr": 455.32000732421875,
      "F1_mean": 826.506591796875,
      "hub_intensity_over_formant": 3.346579395559957
    },
    {
      "win_start_sec": 240.0,
      "win_end_sec": 300.0,
      "F0_iqr": 23.747438430786133,
      "F0_mean": 33.53325271606445,
      "loudness_iqr": 0.5033829808235168,
      "loudness_mean": 0.3471052944660187,
      "F1_iqr": 553.3271484375,
      "F1_mean": 745.8179931640625,
      "hub_intensity_over_formant": 2.047832117728777
    }
  ]
}